{
  "repeats": 5,
  "repeat_labels": [
    "vt4hop_permute_avg5_1024_32768_20260420_r01",
    "vt4hop_permute_avg5_1024_32768_20260420_r02",
    "vt4hop_permute_avg5_1024_32768_20260420_r03",
    "vt4hop_permute_avg5_1024_32768_20260420_r04",
    "vt4hop_permute_avg5_1024_32768_20260420_r05"
  ],
  "dataset_seed_offsets": [
    2133112992,
    16646091,
    1828865968,
    1411328306,
    141514900
  ],
  "aggregate": {
    "VT-4hop-permute": {
      "k32768": {
        "accuracy": {
          "values": [
            0.74,
            0.76,
            0.67,
            0.74,
            0.65
          ],
          "mean": 0.712,
          "std": 0.043543,
          "min": 0.65,
          "max": 0.76
        },
        "eviction_survival_rate": {
          "values": [
            1.0,
            1.0,
            1.0,
            1.0,
            1.0
          ],
          "mean": 1.0,
          "std": 0.0,
          "min": 1.0,
          "max": 1.0
        },
        "num_examples": {
          "values": [
            100.0,
            100.0,
            100.0,
            100.0,
            100.0
          ],
          "mean": 100.0,
          "std": 0.0,
          "min": 100.0,
          "max": 100.0
        },
        "std_accuracy": {
          "values": [
            0.438634,
            0.427083,
            0.470213,
            0.438634,
            0.47697
          ],
          "mean": 0.450307,
          "std": 0.019591,
          "min": 0.427083,
          "max": 0.47697
        }
      },
      "k16384": {
        "accuracy": {
          "values": [
            0.7,
            0.7,
            0.57,
            0.65,
            0.61
          ],
          "mean": 0.646,
          "std": 0.050833,
          "min": 0.57,
          "max": 0.7
        },
        "eviction_survival_rate": {
          "values": [
            0.944141,
            0.943936,
            0.944152,
            0.943773,
            0.943899
          ],
          "mean": 0.94398,
          "std": 0.000146,
          "min": 0.943773,
          "max": 0.944152
        },
        "num_examples": {
          "values": [
            100.0,
            100.0,
            100.0,
            100.0,
            100.0
          ],
          "mean": 100.0,
          "std": 0.0,
          "min": 100.0,
          "max": 100.0
        },
        "std_accuracy": {
          "values": [
            0.458258,
            0.458258,
            0.495076,
            0.47697,
            0.48775
          ],
          "mean": 0.475262,
          "std": 0.015032,
          "min": 0.458258,
          "max": 0.495076
        }
      },
      "k8192": {
        "accuracy": {
          "values": [
            0.66,
            0.62,
            0.48,
            0.61,
            0.55
          ],
          "mean": 0.584,
          "std": 0.062801,
          "min": 0.48,
          "max": 0.66
        },
        "eviction_survival_rate": {
          "values": [
            0.894142,
            0.894016,
            0.894151,
            0.893551,
            0.894014
          ],
          "mean": 0.893975,
          "std": 0.00022,
          "min": 0.893551,
          "max": 0.894151
        },
        "num_examples": {
          "values": [
            100.0,
            100.0,
            100.0,
            100.0,
            100.0
          ],
          "mean": 100.0,
          "std": 0.0,
          "min": 100.0,
          "max": 100.0
        },
        "std_accuracy": {
          "values": [
            0.473709,
            0.485386,
            0.4996,
            0.48775,
            0.497494
          ],
          "mean": 0.488788,
          "std": 0.009303,
          "min": 0.473709,
          "max": 0.4996
        }
      },
      "k4096": {
        "accuracy": {
          "values": [
            0.64,
            0.66,
            0.53,
            0.59,
            0.51
          ],
          "mean": 0.586,
          "std": 0.058856,
          "min": 0.51,
          "max": 0.66
        },
        "eviction_survival_rate": {
          "values": [
            0.851324,
            0.851725,
            0.852105,
            0.850647,
            0.851436
          ],
          "mean": 0.851447,
          "std": 0.000483,
          "min": 0.850647,
          "max": 0.852105
        },
        "num_examples": {
          "values": [
            100.0,
            100.0,
            100.0,
            100.0,
            100.0
          ],
          "mean": 100.0,
          "std": 0.0,
          "min": 100.0,
          "max": 100.0
        },
        "std_accuracy": {
          "values": [
            0.48,
            0.473709,
            0.499099,
            0.491833,
            0.4999
          ],
          "mean": 0.488908,
          "std": 0.010427,
          "min": 0.473709,
          "max": 0.4999
        }
      },
      "k2048": {
        "accuracy": {
          "values": [
            0.74,
            0.79,
            0.65,
            0.7,
            0.67
          ],
          "mean": 0.71,
          "std": 0.0502,
          "min": 0.65,
          "max": 0.79
        },
        "eviction_survival_rate": {
          "values": [
            0.814091,
            0.814202,
            0.81464,
            0.812878,
            0.814506
          ],
          "mean": 0.814063,
          "std": 0.000625,
          "min": 0.812878,
          "max": 0.81464
        },
        "num_examples": {
          "values": [
            100.0,
            100.0,
            100.0,
            100.0,
            100.0
          ],
          "mean": 100.0,
          "std": 0.0,
          "min": 100.0,
          "max": 100.0
        },
        "std_accuracy": {
          "values": [
            0.438634,
            0.407308,
            0.47697,
            0.458258,
            0.470213
          ],
          "mean": 0.450277,
          "std": 0.025122,
          "min": 0.407308,
          "max": 0.47697
        }
      },
      "k1024": {
        "accuracy": {
          "values": [
            0.77,
            0.88,
            0.83,
            0.78,
            0.78
          ],
          "mean": 0.808,
          "std": 0.041665,
          "min": 0.77,
          "max": 0.88
        },
        "eviction_survival_rate": {
          "values": [
            0.779519,
            0.780501,
            0.780883,
            0.778736,
            0.780086
          ],
          "mean": 0.779945,
          "std": 0.000755,
          "min": 0.778736,
          "max": 0.780883
        },
        "num_examples": {
          "values": [
            100.0,
            100.0,
            100.0,
            100.0,
            100.0
          ],
          "mean": 100.0,
          "std": 0.0,
          "min": 100.0,
          "max": 100.0
        },
        "std_accuracy": {
          "values": [
            0.420833,
            0.324962,
            0.375633,
            0.414246,
            0.414246
          ],
          "mean": 0.389984,
          "std": 0.036229,
          "min": 0.324962,
          "max": 0.420833
        }
      }
    }
  }
}