length,S-NIAH,vt_2hop,fwe
4096,99.86666666666667,100.0,80.33
8192,100.0,99.93,82.67
16384,99.93333333333334,99.67,84.93
32768,99.66666666666667,98.2,86.67
